date,instrument_id,value
2016-01-10,SYNTHETIC_GRAIN,112
2016-01-20,SYNTHETIC_GRAIN,122
2016-02-10,SYNTHETIC_GRAIN,109
2016-03-10,SYNTHETIC_GRAIN,105
2016-04-10,SYNTHETIC_GRAIN,100
2016-05-10,SYNTHETIC_GRAIN,92
2016-06-10,SYNTHETIC_GRAIN,88
2016-07-10,SYNTHETIC_GRAIN,90
2016-08-10,SYNTHETIC_GRAIN,97
2016-09-10,SYNTHETIC_GRAIN,106
2016-10-10,SYNTHETIC_GRAIN,114
2016-11-10,SYNTHETIC_GRAIN,118
2016-12-10,SYNTHETIC_GRAIN,115
2017-01-10,SYNTHETIC_GRAIN,115
2017-02-10,SYNTHETIC_GRAIN,112
2017-03-10,SYNTHETIC_GRAIN,108
2017-04-10,SYNTHETIC_GRAIN,103
2017-05-10,SYNTHETIC_GRAIN,95
2017-06-10,SYNTHETIC_GRAIN,91
2017-07-10,SYNTHETIC_GRAIN,93
2017-08-10,SYNTHETIC_GRAIN,100
2017-09-10,SYNTHETIC_GRAIN,109
2017-10-10,SYNTHETIC_GRAIN,117
2017-11-10,SYNTHETIC_GRAIN,121
2017-12-10,SYNTHETIC_GRAIN,118
2018-01-10,SYNTHETIC_GRAIN,118
2018-01-20,SYNTHETIC_GRAIN,128
2018-03-10,SYNTHETIC_GRAIN,111
2018-04-10,SYNTHETIC_GRAIN,106
2018-05-10,SYNTHETIC_GRAIN,98
2018-06-10,SYNTHETIC_GRAIN,94
2018-07-10,SYNTHETIC_GRAIN,96
2018-08-10,SYNTHETIC_GRAIN,103
2018-09-10,SYNTHETIC_GRAIN,112
2018-10-10,SYNTHETIC_GRAIN,120
2018-11-10,SYNTHETIC_GRAIN,124
2018-12-10,SYNTHETIC_GRAIN,121
2019-01-10,SYNTHETIC_GRAIN,121
2019-02-10,SYNTHETIC_GRAIN,118
2019-03-10,SYNTHETIC_GRAIN,114
2019-04-10,SYNTHETIC_GRAIN,109
2019-05-10,SYNTHETIC_GRAIN,101
2019-06-10,SYNTHETIC_GRAIN,97
2019-07-10,SYNTHETIC_GRAIN,99
2019-08-10,SYNTHETIC_GRAIN,106
2019-09-10,SYNTHETIC_GRAIN,115
2019-10-10,SYNTHETIC_GRAIN,123
2019-11-10,SYNTHETIC_GRAIN,127
2019-12-10,SYNTHETIC_GRAIN,124
2020-01-10,SYNTHETIC_GRAIN,124
2020-01-20,SYNTHETIC_GRAIN,134
2020-02-10,SYNTHETIC_GRAIN,121
2020-03-10,SYNTHETIC_GRAIN,117
2020-04-10,SYNTHETIC_GRAIN,112
2020-05-10,SYNTHETIC_GRAIN,104
2020-06-10,SYNTHETIC_GRAIN,100
2020-07-10,SYNTHETIC_GRAIN,102
2020-08-10,SYNTHETIC_GRAIN,109
2020-09-10,SYNTHETIC_GRAIN,118
2020-10-10,SYNTHETIC_GRAIN,126
2020-11-10,SYNTHETIC_GRAIN,130
2020-12-10,SYNTHETIC_GRAIN,127
2021-01-10,SYNTHETIC_GRAIN,127
2021-02-10,SYNTHETIC_GRAIN,124
2021-03-10,SYNTHETIC_GRAIN,120
2021-04-10,SYNTHETIC_GRAIN,115
2021-05-10,SYNTHETIC_GRAIN,107
2021-06-10,SYNTHETIC_GRAIN,103
2021-07-10,SYNTHETIC_GRAIN,105
2021-08-10,SYNTHETIC_GRAIN,112
2021-09-10,SYNTHETIC_GRAIN,121
2021-10-10,SYNTHETIC_GRAIN,129
2021-11-10,SYNTHETIC_GRAIN,133
2021-12-10,SYNTHETIC_GRAIN,130
2022-01-10,SYNTHETIC_GRAIN,130
2022-01-20,SYNTHETIC_GRAIN,140
2022-02-10,SYNTHETIC_GRAIN,127
2022-03-10,SYNTHETIC_GRAIN,123
2022-04-10,SYNTHETIC_GRAIN,118
2022-05-10,SYNTHETIC_GRAIN,110
2022-06-10,SYNTHETIC_GRAIN,106
2022-08-10,SYNTHETIC_GRAIN,115
2022-09-10,SYNTHETIC_GRAIN,124
2022-10-10,SYNTHETIC_GRAIN,132
2022-11-10,SYNTHETIC_GRAIN,136
2022-12-10,SYNTHETIC_GRAIN,133
2023-01-10,SYNTHETIC_GRAIN,133
2023-02-10,SYNTHETIC_GRAIN,130
2023-03-10,SYNTHETIC_GRAIN,126
2023-04-10,SYNTHETIC_GRAIN,121
2023-05-10,SYNTHETIC_GRAIN,113
2023-06-10,SYNTHETIC_GRAIN,109
2023-07-10,SYNTHETIC_GRAIN,111
2023-08-10,SYNTHETIC_GRAIN,118
2023-09-10,SYNTHETIC_GRAIN,127
2023-10-10,SYNTHETIC_GRAIN,135
2023-11-10,SYNTHETIC_GRAIN,139
2023-12-10,SYNTHETIC_GRAIN,136
2024-01-10,SYNTHETIC_GRAIN,136
2024-01-20,SYNTHETIC_GRAIN,146
2024-02-10,SYNTHETIC_GRAIN,133
2024-03-10,SYNTHETIC_GRAIN,129
2024-04-10,SYNTHETIC_GRAIN,124
2024-05-10,SYNTHETIC_GRAIN,116
2024-06-10,SYNTHETIC_GRAIN,112
2024-07-10,SYNTHETIC_GRAIN,114
2024-08-10,SYNTHETIC_GRAIN,121
2024-09-10,SYNTHETIC_GRAIN,130
2024-10-10,SYNTHETIC_GRAIN,138
2024-11-10,SYNTHETIC_GRAIN,142
2024-12-10,SYNTHETIC_GRAIN,139
2025-01-10,SYNTHETIC_GRAIN,139
2025-02-10,SYNTHETIC_GRAIN,136
2025-03-10,SYNTHETIC_GRAIN,132
2025-04-10,SYNTHETIC_GRAIN,127
2025-05-10,SYNTHETIC_GRAIN,119
2025-06-10,SYNTHETIC_GRAIN,115
2025-07-10,SYNTHETIC_GRAIN,117
2025-08-10,SYNTHETIC_GRAIN,124
2025-09-10,SYNTHETIC_GRAIN,133
2025-10-10,SYNTHETIC_GRAIN,141
2025-11-10,SYNTHETIC_GRAIN,145
2025-12-10,SYNTHETIC_GRAIN,142
2026-01-10,SYNTHETIC_GRAIN,144
2026-02-10,SYNTHETIC_GRAIN,141
2026-03-10,SYNTHETIC_GRAIN,137
2026-04-10,SYNTHETIC_GRAIN,132
2026-05-10,SYNTHETIC_GRAIN,124
2026-06-10,SYNTHETIC_GRAIN,120
2026-07-10,SYNTHETIC_GRAIN,122
2026-08-10,SYNTHETIC_GRAIN,129
2026-09-10,SYNTHETIC_GRAIN,138
2026-10-01,SYNTHETIC_GRAIN,144
2026-10-06,SYNTHETIC_GRAIN,146
2026-10-20,SYNTHETIC_GRAIN,160
2026-11-10,SYNTHETIC_GRAIN,155
2026-10-02,SYNTHETIC_GRAIN,
2026-01-01,SYNTHETIC_OTHER,50
